"Business Name","Address Line 1","Address Line 2","City State Zip","Telephone","Email","Services","License Verified/Deliver/Ship"
"ABOVE THE REST AQUATICS INC","1131 EAST COMMERCIAL BLVD","","OAKLAND PARK FL  33334     ","Office - 9547483514","ABOVETHERESTPOOLS@GMAIL.COM","Pool/spa (CPC1459626)","Verified 10/20/2025"
"Agua Vida Services Inc.","P.O. Box 6464","","Vero Beach FL  32961     ","Office - 7727940586","aguavida@bellsouth.net","Pool/spa (CPC1457675)","Verified 10/20/2025"
"ALL JER CONSTRUCTION CORP","2431 W 80 St","","Hialeah FL  33016     ","Direct Line - 7863489180","alljer@jerezconstruction.com","Pool/spa (CPC1460461)","Verified 10/20/2025"
"All Miami Pools","1835 ne 197th terr","","miami FL  33179     ","Direct Line - 3057855912","steven@allmiamipools.com","Pool/spa (CPC1460260)","Verified 10/20/2025"
"All Pool Aquatics Group","1224 W. Washington Street","","Orlando FL  32805     ","Office - 4072954540","sales@amenitypool.com","Pool/spa (CPC1459571)","Verified 10/20/2025"
"All Pro Pool & Spa Repair Service Inc","2836 Atlantic Blvd","","Vero Beach FL  32960     ","Direct Line - 7725679133","allpropoolspa@bellsouth.net","Pool/spa (CPC1456778)","Verified 10/20/2025"
"ALLIGATOR POOL SERVICES","8934 SW 129 Terrace","","Miami FL  33176     ","Direct Line - 3052557946","sales@alligatorpools.com","Pool/spa (CPC1459915)","Verified 10/20/2025"
"Aloha Pool and Spa","3737 Domestic Ave. #7","","Naples FL  34104     ","Direct Line - 2395968282","Alohanaples1@gmail.com","Pool/spa (CPC1458724)","Verified 10/20/2025"
"Amenity Pool Services of Miami","11720 Biscayne Boulevard","","Maimi FL  33181     ","Office - 3058934036","sales@amenitypool.com","Pool/spa (CPC1458437)","Verified 10/20/2025"
"American Pool Service","5819 N Andrews Way","","Fort Lauderdale FL  33309     ","Office - 9045007665","NGates@americanpool.com","Pool/spa (CPC1457625)","Verified 10/20/2025"
"Anchor Pools and Spas of Manatee LLC","810 49th St E ","","Palmetto  FL  34221     ","Direct Line - 9417227377","Jseglem@anchorpoolsfl.com","Pool/spa (CPC1457328)","Verified 10/20/2025"
"Aqua 1 Pools & Spas Inc.","12485 SW 137 Ave","","Miami FL  33030     ","Cell - 7865424277","sales@aqua1pools.com","Pool/spa (CPC1457072)","Verified 10/20/2025"
"Aquatic Dreams Inc","930 SE 9th Ln Unit 5","","Cape Coral FL  33990     ","Office - 2395744437","aquaticdreamsinc@aol.com","Pool/spa (CPC1456497)","Verified 10/20/2025"
"AR Aquatics llc","16857 Windcrest Drive","","Fort Myers FL  33908     ","Direct Line - 2399940468","Reefcat1@gmail.com","Pool/spa (CPC1456976)","Verified 10/20/2025"
"Artistic Pools of Florida Inc.","2030 Weaver Park Drive","","Clearwater FL  33765     ","Cell - 7277351972,Office - 7275365055","artisticpoolsfla.office@gmail.com","Pool/spa (CPC044951)","Verified 10/20/2025"
"ASP - AMERICA'S SWIMMING POOL COMPANY OF PANAMA CITY","17710 Beach Park Trail Unit 100","","Panama City Beach FL  32413     ","Office - 8506044417","panamacity@asppoolco.com","Pool/spa (CPC1459606)","Verified 10/20/2025"
"Associated Construction Inc.","3205 BARTON RD","","Pompano Beach FL  33062     ","Direct Line - 9545887209","group5greg@outlook.com","Pool/spa (CPC1457709)","Verified 10/20/2025"
"Atlantic Pool Works","1170 SW 108Th terra ","","Davie  FL  33324     ","Direct Line - 9542743559","vianney@atlanticpoolworks.com","Pool/spa (CPC1459512)","Verified 10/20/2025"
"ATLANTIS POOLS & DR SPA","11071 Aliwanna Lane","","Fort Myers FL  33905     ","Office - 2399359050,Cell - 2392505338","atlantisswfl@gmail.com","Pool/spa (CPC1459208)","Verified 10/20/2025"
"Backyard Creations Inc","323 Piper Cover","","Santa Rosa Beach FL  32459     ","Cell - 2059651902","steffaniemcgarity@gmail.com","Pool/spa (CPC1459858)","Verified 10/20/2025"
"Balsinger Pool Construction and Remodel LLC","333 S Tamiami Trail #385","","North Port FL  34288     ","Direct Line - 9412343193","balsingerqps@gmail.com","Pool/spa (CPC1460318)","Verified 10/20/2025"
"Banyan Tree Construction, LLC","100 Wallace Ave. Ste 260","","Sarasota FL  34232     ","Direct Line - 9419004096","benjamin@banyantreeconstruction.com","Pool/spa (CPC1460001)","Verified 10/20/2025"
"Beaches Pool & Spa Service, LLC","15 PARADISE PLZ #153","","SARASOTA  FL  34239     ","Direct Line - 9417635831","service@beachespoolspaservice.com","Pool/spa (RP252555549)","Verified 10/20/2025"
"Beeline Pools and Roofing Corp","14722 125th Ave. N","","West Palm Beach FL  33418     ","Cell - 5614525010","beelinepoolsandroofingcorp@gmail.com","Pool/spa (CPC1460768)","Verified 10/20/2025"
"Bello Pools, LLC","P.O. Box 771511","","Coral Springd FL  33077     ","Cell - 9544449494","bellopools@gmail.com","Pool/spa (CPC1458683)","Verified 10/20/2025"
"BETTER CALL SAL, CORP.","5617 GOLFWAY DRIVE","","BOCA RATON FL  33433     ","Direct Line - 5612139022","ADMIN@BCSPOOLS.COM","Pool/spa (CPC1460174)","Verified 10/20/2025"
"Blue Horseshoe Pools OCF INC","4327 S Hwy 27, Suite 258","","Clermont FL  34711     ","Office - 4074853933","rtorres@bhspools.com","Pool/spa (CPC1460112)","Verified 10/20/2025"
"Blue Water Pools & Spas LLC","101 Marketside Ave, Suite 404-152","","Ponte Vedra FL  32081     ","Office - 9045007665","sales@amenitypool.com","Pool/spa (CPC1458638)","Verified 10/20/2025"
"CABANA POOL SERVICES LLC","3155 Cypress Green Drive","","Palm Harbor FL  34684     ","Direct Line - 7278313366","cabanapoolsvcs@gmail.com","Pool/spa (CPC1459209)","Verified 10/20/2025"
"CAT 16 CONSTRUCTION INC.","8437 Tuttle Ave, Suite 343","","Sarasota FL  34243     ","Cell - 9412700247","natalia.shea@cat16construction.com","Pool/spa (CPC1458604)","Verified 10/20/2025"
"CleanSafe Pools LLC","6054 Arlington Expressway Suite 3","","Jacksonville FL  32211     ","Office - 9046250738","cleansafepools@gmail.com","Pool/spa (cpc1460697)","Verified 10/20/2025"
"Clear Quality Pools LLC","2145 14th Ave SW","","Vero Beach FL  32962     ","Cell - 7725329049","Cqpools@hotmail.com","Pool/spa (CPC1459180)","Verified 10/20/2025"
"Coast Too Coast Construction LLC","23061 SW Accessi Way","","Port Saint Lucie FL  34986     ","Direct Line - 8332009777","PERMITTING@COASTTOOCOASTCONSTRUCTION.COM","Pool/spa (CPC016138)","Verified 10/20/2025"
"Coast Too Coast Construction, LLC","4417  13th Street   PMB 435","","Saint Cloud FL  34769     ","Direct Line - 8332009777","katelyn@coasttoocoastconstruction.com","Pool/spa (CPC016138)","Verified 10/20/2025"
"Conch Pool & Spa LLC","3515 17th terr","","Key west  FL  33040     ","Cell - 3059424278","conchpools@gmail.com","Pool/spa (CPC1460447)","Verified 10/20/2025"
"Costa Blue Pool Services, LLC","5438 Agostino Way","","Ave Maria FL  34142     ","Cell - 3058796012","costabluepoolservices@gmail.com","Pool/spa (CPC1460702)","Verified 10/20/2025"
"Cowgill Pools Inc.","5032 Elwood rd.","","Springhill FL  34608     ","Cell - 3523989370","Cowgillpoolsinc@aol.com","Pool/spa (CPC1457022)","Verified 10/20/2025"
"Creative Resurfacing Solutions Inc.","4600 140TH AVE N SUITE 180","","CLEARWATER FL  33762     ","Direct Line - 8884021152","sales@creativeresurface.com","Pool/spa (CPC1460629)","Verified 10/20/2025"
"CREWPRO, INC","6439 John Alden Way","","Orlando FL  32818     ","Direct Line - 4076920765","crewcontractors@yahoo.com","Pool/spa (CPC1458072)","Verified 10/20/2025"
"DESIGN BUILD FL - POOLS, LLC","3925 BELL AVE ","","SARASOTA  FL  34231     ","Cell - 9413505820","DESIGNBUILDFL@YAHOO.COM","Pool/spa (CPC1459565)","Verified 10/20/2025"
"DezGo Construction, Inc","11580 SW 28th Street","","Miami FL  33165     ","Direct Line - 3057942509","andy@dezgoconstruction.com","Pool/spa (CPC1460006)","Verified 10/20/2025"
"Dockside Pools LLC","1407 S French Ave","","Sanford FL  32771     ","Direct Line - 4077909392","seminolepoolsupply@gmail.com","Pool/spa (CPC1460622)","Verified 10/20/2025"
"Downrite Pool & Spa Inc","7001 W 20 Ave, ste B","","HIALEAH FL  33014     ","Office - 3056689778","downritepools@hotmail.com","Pool/spa (CPC1458648)","Verified 10/20/2025"
"DUBLIN'S PROPERTY SERVICES, LLC","3754 Annie Road","","Marianna FL  32446     ","Cell - 3212763047","Dublinspropertyservicesllc@gmail.com","Pool/spa (CPC1457453)","Verified 10/20/2025"
"East Coast Custom Pools llc","13720 Old St.Augustine rd ste 8-511","","Jacksonville FL  32258     ","Direct Line - 9046264255","eastcoastcustompools@gmail.com","Pool/spa (CPC1460002)","Verified 10/20/2025"
"Econo Pools LLC","4600 Summerlin Rd ","","Fort Myers FL  33919     ","Office - 2399103892","econopoolsllc@gmail.com","Pool/spa (CPC1460448)","Verified 10/20/2025"
"Emerald Coast Pool Solutions, LLC","161 Goldsby Rd Building A","","Santa Rosa Beach FL  32459     ","Direct Line - 8503335369","ecpoolservicellc@gmail.com","Pool/spa (CPC1460012)","Verified 10/20/2025"
"Emerald Pool Service","PO Box 20156","","Panama City Beach FL  32413     ","Direct Line - 8508964620","emeraldpoolservicepcb@gmail.com","Pool/spa (CPC1456956)","Verified 10/20/2025"
"Engle Pools, INC","18801 91st Place North","","Loxahatchee FL  33470     ","Direct Line - 5617537665","englepools@gmail.com","Pool/spa (CPC057068)","Verified 10/20/2025"
"Entrusted Estates LLC","4729 Parnell Dr","","Sarasota FL  34232     ","Cell - 9417301485","Entrustedestates@gmail.com","Pool/spa (CPC1459217)","Verified 10/20/2025"
"Family Pools","2175 9th st ","","sarasota  FL  34237     ","Office - 9417808437","office@flfamilypools.com","Pool/spa (CPC1460750)","Verified 10/20/2025"
"FAMILY STYLE POOL & SPA INC","8606 Champlain Ct","Unit #100","TAMPA FL  33614     ","Office - 8138040020","ana.yoder@outlook.com","Pool/spa (CPC1456998)","Verified 10/20/2025"
"Firethorn Landscape","11549 Wakeworth St","","Orlando FL  32836     ","Direct Line - 4075581922","brad@firethornlandscape.com","Pool/spa (CPC1457151)","Verified 10/20/2025"
"FIRST COAST POOL & PATIO INC","1615 CR220 Ste. 120","","Fleming Island FL  32003     ","Office - 9042787665","Cane2000@bellsouth.net","Pool/spa (CPC1456639)","Verified 10/20/2025"
"Florida Construction Pros Inc","8517 Alton Avenue","","Jacksonville FL  32211     ","Direct Line - 3863133244","FCPIROOFING@gmail.com","Pool/spa (RP252555518)","Verified 10/20/2025"
"Florida Development and Construction Corporation","4005 N. Liberty St. ","","Jacksonville  FL  32206     ","Cell - 9547071309","steve@fdcc.co","Pool/spa (CPC1459786)","Verified 10/20/2025"
"FLORIDA LEISURE POOL & SPA","3499 NW 97th Blvd","SUITE NO 7","Gainesville FL  32606     ","Office - 3523730612,Cell - 3522583854","JEREMY@FLORIDAPOOLSPA.COM","Pool/spa (CPC1458232)","Verified 10/20/2025"
"florida paradise homes llc","2618 nw 8th ter","","cape coral FL  33993     ","Direct Line - 2394408695","ariaswala1110@gmail.com","Pool/spa (cpc1460042)","Verified 10/20/2025"
"FLORIDA SUN PROS","32 valencia cir","","debary FL  32713     ","Direct Line - 3215941664","john@floridasunpros.com","Pool/spa (CPC056968)","Verified 10/20/2025"
"FloTec Pools LLC","9670 118th Lane","","Seminole FL  33772     ","Direct Line - 7374882999","Flotecpools@gmail.com","Pool/spa (CPC1459094)","Verified 10/20/2025"
"Freyer, William Edward","4059 Pine cone terr ","","North Port FL  34286     ","Direct Line - 9414166914","Billy@betterpoolsandspas.com","Pool/spa (cpc1459677)","Verified 10/20/2025"
"FTM Construction, Inc","4421 River Grove Lane","","Fort Myers FL  33905     ","Office - 2393406931,Cell - 2393406931","bandftm@aol.com","Pool/spa (CPC056985)","Verified 10/20/2025"
"Genesis Pools & Spas LLC","10810 Peppersong Dr","","Riverview FL  33578     ","Cell - 8135320356","Godmadethewater@gmail.com","Pool/spa (CPC1459647)","Verified 10/20/2025"
"Great Escapes Custom Pools LLC","4111 Arkansas Ave NE","","St. Petersburg FL  33703     ","Cell - 4524249655","Jimmy@gecustompools.com","Pool/spa (CPC1460225)","Verified 10/20/2025"
"HALLOCK POOLS LLC","3094 W Eunice Dr","","Citrus Springs FL  34433     ","Cell - 3527659797","hallockpools@gmail.com","Pool/spa (CPC1460247)","Verified 10/20/2025"
"hard brick corp","8852 w 34 ct","","Hialeah FL  33018     ","Direct Line - 9548003417","os.hardbrick@gmail.com","Pool/spa (CPC1459921)","Verified 10/20/2025"
"Hogfish Pools and Spas LLC","6121 Seminole Blvd","","Seminole FL  33772     ","Direct Line - 8134214435","sales@hogfishpools.com","Pool/spa (CPC1460098)","Verified 10/20/2025"
"Inter Coast Pool and Deck Refinishing, Inc","6154 126th Ave N Unit A2","","Largo FL  33773     ","Office - 7275355335","intercoastpoolanddeck@outlook.com","Pool/spa (CPC1456618)","Verified 10/20/2025"
"Island Pools and Spas","6901 ALICO ROAD","UNIT 2","FORT MYERS FL  33912     ","Direct Line - 2392196462","islandpsf5@gmail.com","Pool/spa (CPC1457291)","Verified 10/20/2025"
"JHunt llc","17812 Rivendel Rd","","Lutz FL  33549     ","Cell - 8139920261","jhuntllc@gmail.com","Pool/spa (Cpc1459692)","Verified 10/20/2025"
"Kane Pool Service Inc.","1856 N. Nob Hill Rd. #277","","Plantation FL  33322     ","Cell - 9546461023","arkane1@att.net","Pool/spa (CPC1456953)","Verified 10/20/2025"
"LARCO POOLS LLC.","1670 Country Lane","","Dunedin FL  34698     ","Direct Line - 8133315060","mlara@larcopools.com","Pool/spa (CPC1459853)","Verified 10/20/2025"
"LeLack Construction","6574 North State Road 7 Unit 220","","COCONUT CREEK FL  33073     ","Office - 9546884577","info@lelack.com","Pool/spa (cpc1460751)","Verified 10/20/2025"
"Living Water Pool Repair Service LLC","518 Arch Ridge Loop","","Seffner FL  33584     ","Direct Line - 8133984753,Direct Line - 8133984753","Lwp.repair@gmail.com","Pool/spa (SCC131152527)","Verified 10/20/2025"
"LOMBARDO, DANIEL","119 TRAVELERS WAY N. STE A1","","ST PETERSBURG FL  33710     ","Office - 7272569884","LOMBARDOCONSTRUCTION@GMAIL.COM","Pool/spa (CPC1460107)","Verified 10/20/2025"
"Lyster Services Inc","1155 Fatio Rd.","","DeLand FL  32720     ","Office - 3868732826,Cell - 3865079939","bestpricepoolparts@gmail.com","Pool/spa (CPC1460125)","Verified 10/20/2025"
"Maintech Pool Solutions llc","Po box 55383","","Saint petersburg  FL  33732     ","Direct Line - 7272515590,Direct Line - 7272515590","Maintechpoolsolutions@ymail.com","Pool/spa (CPC1457823)","Verified 10/20/2025"
"Martinez Pools and Spas, LLC","3015 W Signature Dr, Unit 307","","Davie FL  33314     ","Direct Line - 3055864285,Direct Line - 7862104318","mike@martinezpoolsspas.com","Pool/spa (CPC1460532)","Verified 10/20/2025"
"McHome Pool Contractors","323 cape Harbour loop unit 105","","Bradenton  FL  34212     ","Cell - 9413073007","mchomegroupllc@gmail.com","Pool/spa (CPC1459949)","Verified 10/20/2025"
"Means, Jensen Gillon","26024 N CR 1491","","Alachua  FL  32615     ","Cell - 3522601525","Jensen@gatorpoolbuilders.com","Pool/spa (CPC1460426)","Verified 10/20/2025"
"Mike Willis Roofing & Construction LLC","1901 N Harbor City Blvd","","Melbourne FL  32935     ","Direct Line - 3212547176","MWILLISRC@HOTMAIL.COM","Pool/spa (CPC1458901)","Verified 10/20/2025"
"Model Construction Corp","4446 Wilkinson Dr","","Lake Worth FL  33461     ","Cell - 5612605782","info@modelconstructionfl.com","Pool/spa (CPC1460611)","Verified 10/20/2025"
"Montego Pool Service, LLC","801 River Walk","","Forsyth GA  31029     ","Cell - 4789541522","scottdolanpools@gmail.com","Pool/spa (CPC1459320)","Verified 10/20/2025"
"Morrison Aluminum Construction, Inc","1412 Viscaya Pkwy","","Cape Coral FL  33990     ","Direct Line - 2395730549","Kevin@macpools.net","Pool/spa (CPC1457467)","Verified 10/20/2025"
"Mossy Oaks Pool & Spa LLC","8289 NE 27th Street","","High Springs FL  32643     ","Direct Line - 3523169540","jason@mossyoakspoolandspa.com","Pool/spa (CPC1460457)","Verified 10/20/2025"
"My Ty Design LLC","14286-19 Beach Blvd #201","","Jacksonville FL  32250     ","Cell - 9043022508","Ty@mytydesign.com","Pool/spa (CPC1457909)","Verified 10/20/2025"
"NEW TIME DETAIL CONSTRUCTION INC","7284 West Palmetto Park Road Ste 157","","BOCA RATON  FL  33433     ","Cell - 5617599620","jms@newtimedetail.com","Pool/spa (CPC1459933)","Verified 10/20/2025"
"NOAH BUILDERS & DESIGNS LLC","4740 ROCKVALE DR","","KISSIMMEE FL  34758     ","Cell - 4073793594","Noahbuilders@outlook.com","Pool/spa (CPC1460382)","Verified 10/20/2025"
"Ocean Construction Fl keys, llc","1669 Long Beach Dr","","Big pine key FL  33043     ","Direct Line - 8134727239","lutzjohnathan@gmail.com","Pool/spa (Cpc1458049)","Verified 10/20/2025"
"Paradise Pools Repair, Inc.","1560 SE Hampshire Way Unit 102","","Stuart FL  34994     ","Direct Line - 7722917844","Office@poolrepairco.com","Pool/spa (CPC1459883)","Verified 10/20/2025"
"Phillips Pool Service, Inc.","PO Box 10621","","Tampa FL  33679     ","Office - 8136801991","phillipspoolservicellc@gmail.com","Pool/spa (CPC1459800)","Verified 10/20/2025"
"PICCS POOLS LLC","2010 tarragon lane","","New Port Richey FL  34655     ","Office - 7279929269","Piccspools@gmail.com","Pool/spa (Cpc1460641)","Verified 10/20/2025"
"PINCH A PENNY","10228 Curry Ford Road","","Orlando FL  32825     ","Direct Line - 4077374568","service168@pinchapenny.com","Pool/spa (CPC1460394)","Verified 10/20/2025"
"Pinch A Penny Pool Patio & Spa #178","3440 Bayside Lakes SE, Palm Bay","2020","Palm Bay FL  32909     ","Direct Line - 3219527665","kkiesksr@gmail.com","Pool/spa (CPC1457612)","Verified 10/20/2025"
"Platinum Pools SRQ","184 Sarasota Center Blvd","","Sarasota FL  34240     ","Cell - 9418887665","office@platinumpoolssrq.com","Pool/spa (CPC1459992)","Verified 10/20/2025"
"Polk Supply inc","6801 Yamaha ln","","Polk City FL  33868     ","Direct Line - 8639844257","Marc@polksupply.com","Pool/spa (CPC056439)","Verified 10/20/2025"
"Polymath Construction Group LLC","1100 Bee Pond Rd","","Palm Harbor  FL  34683     ","Direct Line - 7272446351","Polymathconstructiongroup@gmail.com","Pool/spa (CPC1459969)","Verified 10/20/2025"
"Pool Creations","1744 S. Tamiami Trail","","Venice FL  37493     ","Office - 9413666000","Office@PoolCreationsFL.com","Pool/spa (CPC1458354)","Verified 10/20/2025"
"Pool Envy LLC","3490 Spyglass Hill Dr ","","Green Bay WI  54311     ","Direct Line - 9203211297","poolenvy@poolenvywi.com","Pool/spa (CPC1460695)","Verified 10/20/2025"
"POOL PROS INC","17192 ALICO CENTER ROAD","","Fort Myers FL  33967     ","Office - 2392777783","joe@poolpros-inc.com","Pool/spa (CPC052543)","Verified 10/20/2025"
"Pools By Design inc.","4971 S Peninsula Dr","","Ponce Inlet FL  32127     ","Direct Line - 3862748347","willie14322@yahoo.com","Pool/spa (CPC056915)","Verified 10/20/2025"
"Prestigious Pool Service LLC","3214 Clemson Rd. ","","Gulf Breeze  FL  32563     ","Direct Line - 8506982432","Prestigiouspoolservicepros@gmail.com","Pool/spa (RP252555641)","Verified 10/20/2025"
"Property Solutions LLC","12605 NW 115 Av. B105","","Medley FL  33178     ","Direct Line - 9543036640","jc@propertysolutionsfl.com","Pool/spa (CPC1458021)","Verified 10/20/2025"
"PROSERVE POOLS LLC","5950 S RIDGEWOOD AVE","","PORT ORANGE FL  32127     ","Office - 3864276753","shawn.lane@proservepools.com","Pool/spa (CPC1460602)","Verified 10/20/2025"
"Renick Pools inc.","935 sligh ave","","Seffner FL  33584     ","Cell - 8136900712","renickpools@gmail.com","Pool/spa (CPC029472)","Verified 10/20/2025"
"Saltwater Pools Of Florida Inc","5844 Main St ","","New Port Richey FL  34652     ","Office - 7273312223","office@saltwaterpools.us","Pool/spa (CPC1459924)","Verified 10/20/2025"
"Salty AF Pools","542616 Us Highway 1","","Callahan FL  32011     ","Cell - 9045563597","saltyafpools@gmail.com","Pool/spa (CPC1460696)","Verified 10/20/2025"
"SCREENWORKS OF SOUTHWEST FL, INC.","2209 SE 2ND TERRACE","","CAPE CORAL FL  33990     ","Direct Line - 2392183283","screenworksswfl@aol.com","Pool/spa (CPC1457602)","Verified 10/20/2025"
"Seabreeze Pools of Brevard LLC","2145 Abalone Ave ","","Indialantic FL  32903     ","Direct Line - 3212669369","Seabreezepools321@gmail.com","Pool/spa (CPC1459156)","Verified 10/20/2025"
"SEAMCO OF TAMPA BAY INC.","460-3 Mirabella place","","lutz FL  33558     ","Direct Line - 8132676963","seamcooftampabay@yahoo.com","Pool/spa (cpc056725)","Verified 10/20/2025"
"Set-n-Stone Creations, Inc","2324 Warden Trail ","","Ormond beach FL  32174     ","Cell - 3862359038,Direct Line - 3864539156","setnstoneinc@yahoo.com","Pool/spa (CPC1458070)","Verified 10/20/2025"
"Signet Pool","948 S Packinghouse Road ","","Sarasota FL  34232     ","Office - 9413782478,Cell - 4192100348","jon@signetpool.com","Pool/spa (CPC1458979)","Verified 10/20/2025"
"Southern Most Pools, Inc.","15101 Rawls Rd","","Sarasota FL  34240     ","Direct Line - 9412343762","Southernmostpoolsinc@gmail.com","Pool/spa (CPC1457888)","Verified 10/20/2025"
"Southern Roots Pool and Spa Inc","3610 70th AVE NE","Unit","Naples FL  34120     ","Direct Line - 2393970081","southernrootspoolandspa@gmail.com","Pool/spa (CPC1460477)","Verified 10/20/2025"
"Southern Serenity Pools LLC","14391 Spring Hill Dr suite 186","","Spring Hill  FL  34609     ","Office - 8136650155","Sales@southernserenitypools.com","Pool/spa (CPC1460191)","Verified 10/20/2025"
"SPARKLING KLEEN POOLS & SPAS","5654 Lawton Dr","","Sarasota FL  34233     ","Office - 9419277133","Info@Sparklingsrq.com","Pool/spa (CPC1457982)","Verified 10/20/2025"
"SPARKLING POOL FINISHES LLC.","5743 AUTUMN RIDGE RD","","LAKE WORTH FL  33416     ","Office - 5619677732","SPARKLINGFINISHES@GMAIL.COM","Pool/spa (RP252555257)","Verified 10/20/2025"
"Stanford Restoration & Reconstruction, Inc","50 South Dixie Hwy #5","","ST AUGUSTINE FL  32084     ","Direct Line - 9046690109","Darcy@stanfordrestoration.com","Pool/spa (CPC1459323)","Verified 10/20/2025"
"SUNCOAST POOLS AND CAGES","6147 HIGGINS AVE","","Fort Myers FL  33905     ","Cell - 7322090613","listwithskyy@gmail.com","Pool/spa (CPC1460213)","Verified 10/20/2025"
"Sunny Rotonda Inc","176 Boundary Blvd","","Rotonda west FL  33947     ","Direct Line - 9418301226","Mikek01089@yahoo.com","Pool/spa (CPC1460821)","Verified 10/20/2025"
"Sunset Pool Care & Remodeling Inc.","12532 Citrus Way","","Brooksville FL  34601     ","Direct Line - 3523405326","poolexperts26@gmail.com","Pool/spa (CPC1460237)","Verified 10/20/2025"
"Suntan Pools, LLC","537 melody cir","","sarasota FL  34237     ","Cell - 9412876249","suntanpoolsfla@gmail.com","Pool/spa (CPC1459866)","Verified 10/20/2025"
"Swimming Pool Center","677 S Apollo Blvd","","Melbourne  FL  33901     ","Office - 3217254777","spc677@bellsouth.net","Pool/spa (RP0058270)","Verified 10/20/2025"
"Tarpon Gulf Construction, Inc","1125 NE 4th Pl","","Cape Coral FL  33909     ","Direct Line - 2394740302","office@tarpongulf.com","Pool/spa (CPC1427404),Pool/spa (CPC1457723)","Verified 10/20/2025"
"Tenacity Pools Inc.","7690 17th Pl","","LaBelle FL  33935     ","Cell - 2392066762","tenacitypools@gmail.com","Pool/spa (CPC1458613)","Verified 10/20/2025"
"Tierra Southeast Construction LLC","2239 Se 11 St","","Pompano Beach FL  33062     ","Direct Line - 9544657125","Info@tierra-southeast.com","Pool/spa (CPC1459454)","Verified 10/20/2025"
"Tropical Pools FL LLC","7133 Gasparilla Rd","","Port Charlotte  FL  33981     ","Direct Line - 9418280070","Ralph@tropicalpoolsfl.com","Pool/spa (CPC1459264)","Verified 10/20/2025"
"Tyler Willis pool service llc","225 state rd 559","","Auburndale FL  33823     ","Cell - 8632582960","willispoolservice@gmail.com","Pool/spa (RP252555555)","Verified 10/20/2025"
"Ultimate Pool Care","10012 Gulf Center Dr. Suite 5261","","Fort Myers FL  33913     ","Office - 2392442282","Blaw@ultimatepoolcarellc.net","Pool/spa (CPC1460222)","Verified 10/20/2025"
"urban domus Construction llc","3350 SW 148TH AV, SUITE 140","","MIRAMAR FL  33027     ","Direct Line - 9543197659","igonzalez@urbandomus.net","Pool/spa (CPC460071)","Verified 10/20/2025"
"Wahoo Pools Group, inc","6657 US 301","","Riverview FL  33578     ","Direct Line - 8136993282","Davegreene@wahoopools.com","Pool/spa (CPC1458680)","Verified 10/20/2025"
"Waters Edge Pools, LLC","1213 SW 39th St","","Cape Coral FL  33914     ","Direct Line - 2394717190","Kristopherthiel@yahoo.com","Pool/spa (CPC1458048)","Verified 10/20/2025"
